{"A2": 110.0, "As2": 116.54094037952248, "B2": 123.47082531403103, "C2": 130.8127826502993, "Cs2": 138.59131548843604, "D2": 146.8323839587038, "Ds2": 155.56349186104046, "E2": 164.81377845643496, "F2": 174.61411571650194, "Fs2": 184.9972113558172, "G2": 195.99771799087463, "Gs2": 207.65234878997256, "A3": 220.0, "As3": 233.08188075904496, "B3": 246.94165062806206, "C3": 261.6255653005986, "Cs3": 277.1826309768721, "D3": 293.6647679174076, "Ds3": 311.1269837220809, "E3": 329.6275569128699, "F3": 349.2282314330039, "Fs3": 369.9944227116344, "G3": 391.99543598174927, "Gs3": 415.3046975799451, "A4": 440.0, "As4": 466.1637615180899, "B4": 493.8833012561241, "C4": 523.2511306011972, "Cs4": 554.3652619537442, "D4": 587.3295358348151, "Ds4": 622.2539674441618, "E4": 659.2551138257398, "F4": 698.4564628660078, "Fs4": 739.9888454232688, "G4": 783.9908719634985, "Gs4": 830.6093951598903, "A5": 880.0, "As5": 932.3275230361799, "B5": 987.7666025122483, "C5": 1046.5022612023945, "Cs5": 1108.7305239074883, "D5": 1174.6590716696303, "Ds5": 1244.5079348883237, "E5": 1318.5102276514797, "F5": 1396.9129257320155, "Fs5": 1479.9776908465376, "G5": 1567.981743926997, "Gs5": 1661.2187903197805, "A6": 1760.0, "As6": 1864.6550460723597, "B6": 1975.533205024496, "C6": 2093.004522404789, "Cs6": 2217.4610478149766, "D6": 2349.31814333926, "Ds6": 2489.0158697766474, "E6": 2637.02045530296, "F6": 2793.825851464031, "Fs6": 2959.955381693075, "G6": 3135.9634878539946, "Gs6": 3322.437580639561, "A7": 3520.0}